name,email,id
Ray,ray.hsiao99@company.com,1
Jon,jon.snow89@company.com,2
Harry,harry.potter99@company.com,1
Roy,roy.roy89@company.com,2
Ron,ron.weasley88@company.com,1
Jason,jason.x78@company.com,1
Bonie,bonie.clyde77@company.com,1
Taylor,taylor.swift88@company.com,1
Raegan,raegan.jones91@company.com,2
Selena,selena.gomez92@company.com,1
Joe,joe.jonas93@company.com,1
Bradley,bradley.cooper77@company.com,1
Josh,josh.peck98@company.com,1
Tina,tina.tan88@company.com,1
Roy,roy.ron88@company.com,1
Troy,troy.tan77@company.com,1
Yoda,yoda.hoda87@company.com,1
Hello,hello.world88@company.com,1
Yolo,yolo.dodo87@company.com,1
